C_Sort_Order,Country_or_Area,Note,Country_Code,Type_of_Data,T1_T_1990,T1_T_1995,T1_T_2000,T1_T_2005,T1_T_2010,T1_T_2015,T1_M_1990,T1_M_1995,T1_M_2000,T1_M_2005,T1_M_2010,T1_M_2015,T1_F_1990,T1_F_1995,T1_F_2000,T1_F_2005,T1_F_2010,T1_F_2015,Group
1,WORLD,,900,,152563212,160801752,172703309,191269100,221714243.0,243700236.0,77747510,81737477,87884839,97866674,114613714.0,126115435.0,74815702,79064275,84818470,93402426,107100529.0,117584801.0,WORLD
2,Developed regions,(b),901,,82378628,92306854,103375363,117181109,132560325.0,140481955.0,40263397,45092799,50536796,57217777,64081077.0,67618619.0,42115231,47214055,52838567,59963332,68479248.0,72863336.0,Developed regions
3,Developing regions,(c),902,,70184584,68494898,69327946,74087991,89153918.0,103218281.0,37484113,36644678,37348043,40648897,50532637.0,58496816.0,32700471,31850220,31979903,33439094,38621281.0,44721465.0,Developing regions
4,Least developed countries,(d),941,,11075966,11711703,10077824,9809634,10018128.0,11951316.0,5843107,6142712,5361902,5383009,5462714.0,6463217.0,5236216,5573685,4721920,4432371,4560536.0,5493028.0,Least developed countries
5,Less developed regions excluding least developed countries,,934,,59105261,56778501,59244124,64272611,79130668.0,91262036.0,31641006,30501966,31986141,35265888,45069923.0,52033599.0,27464255,26276535,27257983,29006723,34060745.0,39228437.0,Less developed regions
6,Sub-Saharan Africa,(e),947,,14690319,15324570,13716539,13951086,15496764.0,18993986.0,7745306,8036824,7210452,7444048,8188581.0,10099486.0,6945013,7287746,6506087,6507038,7308183.0,8894500.0,Sub-Saharan Africa
7,Africa,,903,,15690623,16352814,14800306,15191146,16840014.0,20649557.0,8279564,8616931,7856358,8231437,9039314.0,11123423.0,7411059,7735883,6943948,6959709,7800700.0,9526134.0,Major_Area
8,Eastern Africa,,910,,5964031,5022742,4844795,4745792,4657063.0,6129113.0,3071189,2585053,2480584,2529460,2366216.0,3109176.0,2892842,2437689,2364211,2216332,2290847.0,3019937.0,Region
9,Burundi,,108,B R,333110,254853,125628,172874,235259.0,286810.0,163267,124165,61094,84805,115823.0,141311.0,169843,130688,64534,88069,119436.0,145499.0,Country_or_Area
10,Comoros,,174,B,14079,13939,13799,13209,12618.0,12555.0,6717,6614,6511,6286,6060.0,6071.0,7362,7325,7288,6923,6558.0,6484.0,Country_or_Area
11,Djibouti,,262,B R,122221,99774,100507,92091,101575.0,112351.0,64242,52476,52920,51315,53295.0,59081.0,57979,47298,47587,40776,48280.0,53270.0,Country_or_Area
12,Eritrea,,232,I,11848,12400,12952,14314,15676.0,15941.0,6228,6542,6856,7729,8603.0,8833.0,5620,5858,6096,6585,7073.0,7108.0,Country_or_Area
13,Ethiopia,,231,B R,1155390,806904,611384,514242,567720.0,1072949.0,607284,424117,322219,269725,297534.0,547062.0,548106,382787,289165,244517,270186.0,525887.0,Country_or_Area
14,Kenya,,404,B R,297292,618745,699139,756894,926959.0,1084357.0,160852,322189,348594,391310,459343.0,541644.0,136440,296556,350545,365584,467616.0,542713.0,Country_or_Area
15,Madagascar,,450,C,23917,21177,23541,26058,28905.0,32075.0,13348,11901,13276,14744,16410.0,18270.0,10569,9276,10265,11314,12495.0,13805.0,Country_or_Area
16,Malawi,,454,B R,1127724,241624,232620,221661,217722.0,215158.0,546520,116198,111530,105931,103869.0,102544.0,581204,125426,121090,115730,113853.0,112614.0,Country_or_Area
17,Mauritius,(1),480,C,3613,7493,15543,19647,24836.0,28585.0,1763,3228,5705,8943,13188.0,15832.0,1850,4265,9838,10704,11648.0,12753.0,Country_or_Area
18,Mayotte,,175,B,15229,26316,45474,63176,72757.0,76992.0,8780,14679,23546,31364,34500.0,35623.0,6449,11637,21928,31812,38257.0,41369.0,Country_or_Area
19,Mozambique,,508,B R,122332,168256,195702,204830,214612.0,222928.0,66060,91210,103175,102500,104676.0,107955.0,56272,77046,92527,102330,109936.0,114973.0,Country_or_Area
20,Réunion,,638,B,57210,77159,100678,115076,123029.0,127209.0,30724,40710,52264,59196,62707.0,64537.0,26486,36449,48414,55880,60322.0,62672.0,Country_or_Area
21,Rwanda,,646,B R,159869,233200,347076,432797,436787.0,441525.0,80690,117931,175685,217027,218425.0,220017.0,79179,115269,171391,215770,218362.0,221508.0,Country_or_Area
22,Seychelles,,690,B,3721,5148,6574,8997,11420.0,12791.0,2204,3021,3837,5820,7804.0,8954.0,1517,2127,2737,3177,3616.0,3837.0,Country_or_Area
23,Somalia,,706,I R,478294,19527,20087,20670,23995.0,25291.0,244201,10282,10622,11047,12914.0,13760.0,234093,9245,9465,9623,11081.0,11531.0,Country_or_Area
24,South Sudan,,728,B R,..,..,..,..,257905.0,824122.0,..,..,..,..,132693.0,420949.0,..,..,..,..,125212.0,403173.0,Country_or_Area
25,Uganda,,800,B R,558307,634620,634703,652968,529160.0,749471.0,290084,321360,314325,322421,261646.0,374438.0,268223,313260,320378,330547,267514.0,375033.0,Country_or_Area
26,United Republic of Tanzania,(2),834,B R,574025,1106043,928180,770846,308600.0,261222.0,283390,547089,470962,486774,153984.0,130404.0,290635,558954,457218,284072,154616.0,130818.0,Country_or_Area
27,Zambia,,894,B R,279029,244338,321167,252749,149637.0,127915.0,142807,125329,163620,128553,75775.0,64512.0,136222,119009,157547,124196,73862.0,63403.0,Country_or_Area
28,Zimbabwe,,716,B R,626821,431226,410041,392693,397891.0,398866.0,352028,246012,233843,223970,226967.0,227379.0,274793,185214,176198,168723,170924.0,171487.0,Country_or_Area
29,Middle Africa,,911,,1460530,2646108,1756687,1928828,2139979.0,2307688.0,744494,1346091,904076,983868,1091761.0,1159409.0,716036,1300017,852611,944960,1048218.0,1148279.0,Region
30,Angola,,24,B R,33517,39813,46108,61329,76549.0,106845.0,18142,20755,23367,30240,37113.0,51461.0,15375,19058,22741,31089,39436.0,55384.0,Country_or_Area
31,Cameroon,,120,B,265344,246864,228383,258737,289091.0,381984.0,145527,135079,124630,142397,160164.0,186605.0,119817,111785,103753,116340,128927.0,195379.0,Country_or_Area
32,Central African Republic,,140,C,67234,99712,123529,94449,93466.0,81598.0,35686,52975,65636,50236,49743.0,43163.0,31548,46737,57893,44213,43723.0,38435.0,Country_or_Area
33,Chad,,148,B R,74342,89584,104825,352062,416924.0,516968.0,40133,48298,56463,159715,186773.0,238140.0,34209,41286,48362,192347,230151.0,278828.0,Country_or_Area
34,Congo,,178,B,129597,191635,305002,315238,419649.0,392996.0,64418,95822,152666,171420,228180.0,215274.0,65179,95813,152336,143818,191469.0,177722.0,Country_or_Area
35,Democratic Republic of the Congo,,180,B R,754194,1816963,744387,622869,588950.0,545694.0,363117,901379,365092,302290,284244.0,264445.0,391077,915584,379295,320579,304706.0,281249.0,Country_or_Area
36,Equatorial Guinea,,226,C,2740,3629,4517,6588,8658.0,10825.0,1465,1930,2394,3564,4734.0,5980.0,1275,1699,2123,3024,3924.0,4845.0,Country_or_Area
37,Gabon,,266,C,127980,152972,195571,214123,243992.0,268384.0,73053,87305,111616,122279,139458.0,153144.0,54927,65667,83955,91844,104534.0,115240.0,Country_or_Area
38,Sao Tome and Principe,,678,C,5582,4936,4365,3433,2700.0,2394.0,2953,2548,2212,1727,1352.0,1197.0,2629,2388,2153,1706,1348.0,1197.0,Country_or_Area
39,Northern Africa,,912,,2403200,2081640,1885650,1782054,1921613.0,2159048.0,1230643,1105808,1048954,1063304,1145515.0,1278467.0,1172557,975832,836696,718750,776098.0,880581.0,Region
40,Algeria,,12,C R,273954,262032,250110,247537,244964.0,242391.0,150234,143696,137158,135748,134339.0,132930.0,123720,118336,112952,111789,110625.0,109461.0,Country_or_Area
41,Egypt,,818,B R,173708,166955,173452,274001,295714.0,491643.0,91928,88545,92205,158277,166071.0,265054.0,81780,78410,81247,115724,129643.0,226589.0,Country_or_Area
42,Libya,,434,C,457075,508041,567436,625212,683998.0,771146.0,242707,300906,368950,445597,489737.0,549153.0,214368,207135,198486,179615,194261.0,221993.0,Country_or_Area
43,Morocco,,504,C,54895,50360,53034,54379,70909.0,88511.0,29024,26264,27233,27543,35738.0,44390.0,25871,24096,25801,26836,35171.0,44121.0,Country_or_Area
44,Sudan,(3),729,B R,1402896,1053396,801883,541994,578363.0,503477.0,696385,525701,403048,275915,294782.0,254530.0,706511,527695,398835,266079,283581.0,248947.0,Country_or_Area
45,Tunisia,,788,C,37984,37867,36446,35040,43172.0,56701.0,18900,19045,18523,18000,22236.0,29351.0,19084,18822,17923,17040,20936.0,27350.0,Country_or_Area
46,Western Sahara,,732,I,2688,2989,3289,3891,4493.0,5179.0,1465,1651,1837,2224,2612.0,3059.0,1223,1338,1452,1667,1881.0,2120.0,Country_or_Area
47,Southern Africa,,913,,1392359,1191582,1222314,1439426,2203306.0,3435194.0,840899,714194,721814,837071,1276957.0,2040742.0,551460,477388,500500,602355,926349.0,1394452.0,Region
48,Botswana,,72,C,27510,40168,57064,88829,120912.0,160644.0,16614,23517,32891,49695,66692.0,87873.0,10896,16651,24173,39134,54220.0,72771.0,Country_or_Area
49,Lesotho,,426,C R,8240,7204,6167,6290,6414.0,6572.0,4318,3827,3335,3402,3469.0,3558.0,3922,3377,2832,2888,2945.0,3014.0,Country_or_Area
50,Namibia,,516,B,120641,115372,134403,106274,102405.0,93888.0,63748,61310,72509,57034,55054.0,50687.0,56893,54062,61894,49240,47351.0,43201.0,Country_or_Area
51,South Africa,,710,B R,1163883,1003807,1001825,1210936,1943099.0,3142511.0,717227,611083,600032,712219,1135886.0,1882276.0,446656,392724,401793,498717,807213.0,1260235.0,Country_or_Area
52,Swaziland,,748,B R,72085,25031,22855,27097,30476.0,31579.0,38992,14457,13047,14721,15856.0,16348.0,33093,10574,9808,12376,14620.0,15231.0,Country_or_Area
53,Western Africa,,914,,4470503,5410742,5090860,5295046,5918053.0,6618514.0,2392339,2865785,2700930,2817734,3158865.0,3535629.0,2078164,2544957,2389930,2477312,2759188.0,3082885.0,Region
54,Benin,,204,C B R,76212,104971,133730,171499,209267.0,245399.0,40092,55858,71624,93882,116139.0,137662.0,36120,49113,62106,77617,93128.0,107737.0,Country_or_Area
55,Burkina Faso,,854,B R,349657,434848,520039,596972,673904.0,704676.0,167836,209117,250399,285542,320684.0,335328.0,181821,225731,269640,311430,353220.0,369348.0,Country_or_Area
56,Cabo Verde,,132,B,8931,9979,11027,12700,14373.0,14924.0,4429,5091,5753,6523,7293.0,7547.0,4502,4888,5274,6177,7080.0,7377.0,Country_or_Area
57,Côte d'Ivoire,,384,C B,1816426,2076394,1994135,2010824,2095185.0,2175399.0,1011749,1150710,1104600,1113590,1160366.0,1204616.0,804677,925684,889535,897234,934819.0,970783.0,Country_or_Area
58,Gambia,,270,B,118123,150890,182514,181905,185763.0,192540.0,66306,82048,97138,96230,98086.0,101501.0,51817,68842,85376,85675,87677.0,91039.0,Country_or_Area
59,Ghana,,288,B,164851,252879,191601,304436,337017.0,399471.0,83030,127423,97279,159363,181558.0,217444.0,81821,125456,94322,145073,155459.0,182027.0,Country_or_Area
60,Guinea,,324,C R,403621,774505,560075,229611,205111.0,228413.0,201260,386537,279108,111738,100953.0,112583.0,202361,387968,280967,117873,104158.0,115830.0,Country_or_Area
61,Guinea-Bissau,,624,B R,15368,27961,20450,20736,21061.0,22333.0,7689,13833,10155,10298,10307.0,10826.0,7679,14128,10295,10438,10754.0,11507.0,Country_or_Area
62,Liberia,,430,B,94964,208563,151868,87188,99129.0,113779.0,53924,111647,82129,51183,56885.0,64879.0,41040,96916,69739,36005,42244.0,48900.0,Country_or_Area
63,Mali,,466,B R,160736,176187,189475,256797,336607.0,363145.0,82049,90871,97752,132244,172879.0,186111.0,78687,85316,91723,124553,163728.0,177034.0,Country_or_Area
64,Mauritania,,478,C R,111650,89562,57366,58119,84679.0,138162.0,57569,47015,31163,32588,48605.0,80230.0,54081,42547,26203,25531,36074.0,57932.0,Country_or_Area
65,Niger,,562,B R,115464,145999,122260,124461,126464.0,189255.0,55222,69751,58192,59170,60033.0,89731.0,60242,76248,64068,65291,66431.0,99524.0,Country_or_Area
66,Nigeria,,566,C R,456621,462999,487882,648019,920118.0,1199115.0,256166,258091,270211,357751,506367.0,657887.0,200455,204908,217671,290268,413751.0,541228.0,Country_or_Area
67,Saint Helena,(4),654,B,383,394,405,487,569.0,604.0,222,218,215,263,312.0,335.0,161,176,190,224,257.0,269.0,Country_or_Area
68,Senegal,,686,B R,270410,287654,231901,238298,256092.0,263242.0,138840,147165,121492,124854,135879.0,139689.0,131570,140489,110409,113444,120213.0,123553.0,Country_or_Area
69,Sierra Leone,,694,B R,222242,105374,98241,149615,97452.0,91213.0,123053,59683,54639,79638,53239.0,49962.0,99189,45691,43602,69977,44213.0,41251.0,Country_or_Area
70,Togo,,768,C R,84844,101583,137891,203379,255262.0,276844.0,42903,50727,69081,102877,129280.0,139298.0,41941,50856,68810,100502,125982.0,137546.0,Country_or_Area
71,Asia,,935,,48142261,46548225,49340815,53371224,65914319.0,75081125.0,26011875,25197522,26848671,29585231,38205140.0,43550416.0,22130386,21350703,22492144,23785993,27709179.0,31530709.0,Major_Area
72,Central Asia,,5500,,6630683,5890035,5183872,5238699,5262414.0,5393504.0,2972500,2635584,2315883,2408209,2488477.0,2596652.0,3658183,3254451,2867989,2830490,2773937.0,2796852.0,Region
73,Kazakhstan,,398,B,3619200,3245250,2871300,3102962,3334623.0,3546778.0,1666164,1494009,1321855,1473441,1625026.0,1758182.0,1953036,1751241,1549445,1629521,1709597.0,1788596.0,Country_or_Area
74,Kyrgyzstan,,417,B,623083,510296,389558,312897,231511.0,204382.0,260416,213277,162815,129544,94348.0,82616.0,362667,297019,226743,183353,137163.0,121766.0,Country_or_Area
75,Tajikistan,,762,B,428900,348347,299266,280444,278152.0,275059.0,188128,151957,131420,121381,120124.0,118597.0,240772,196390,167846,159063,158028.0,156462.0,Country_or_Area
76,Turkmenistan,,795,B,306500,273565,218498,213051,197979.0,196386.0,134174,118851,94168,94406,90600.0,91523.0,172326,154714,124330,118645,107379.0,104863.0,Country_or_Area
77,Uzbekistan,,860,B,1653000,1512577,1405250,1329345,1220149.0,1170899.0,723618,657490,605625,589437,558379.0,545734.0,929382,855087,799625,739908,661770.0,625165.0,Country_or_Area
78,Eastern Asia,,906,,3959345,4658475,5393081,6229524,7061814.0,7596693.0,2005886,2266526,2551555,2931331,3318241.0,3576788.0,1953459,2391949,2841526,3298193,3743573.0,4019905.0,Region
79,China,(5),156,C,376361,442198,508034,678947,849861.0,978046.0,191954,223018,254082,379920,505758.0,600136.0,184407,219180,253952,299027,344103.0,377910.0,Country_or_Area
80,"China, Hong Kong Special Administrative Region",(6),344,B,2218473,2443798,2669122,2721235,2779950.0,2838665.0,1124544,1175087,1225629,1185121,1147539.0,1119957.0,1093929,1268711,1443493,1536114,1632411.0,1718708.0,Country_or_Area
81,"China, Macao Special Administrative Region",(7),446,B,205047,224929,240791,279308,318506.0,342703.0,96379,103660,109391,130387,146407.0,155692.0,108668,121269,131400,148921,172099.0,187011.0,Country_or_Area
82,Democratic People's Republic of Korea,,408,I,34103,35143,36183,40097,44010.0,48458.0,17393,17562,17731,19749,21766.0,24110.0,16710,17581,18452,20348,22244.0,24348.0,Country_or_Area
83,Japan,,392,C,1075626,1381097,1686567,2012916,2134151.0,2043877.0,547986,672482,796977,924544,959860.0,919259.0,527640,708615,889590,1088372,1174291.0,1124618.0,Country_or_Area
84,Mongolia,,496,C,6718,7424,8206,11475,16061.0,17620.0,3419,3959,4564,7576,11880.0,12857.0,3299,3465,3642,3899,4181.0,4763.0,Country_or_Area
85,Republic of Korea,,410,C,43017,123886,244178,485546,919275.0,1327324.0,24211,70758,143181,284034,525031.0,744777.0,18806,53128,100997,201512,394244.0,582547.0,Country_or_Area
86,South-Eastern Asia,,920,,2876616,3700057,4926833,6522343,8661853.0,9867722.0,1511104,1916620,2504609,3343951,4497075.0,5118389.0,1365512,1783437,2422224,3178392,4164778.0,4749333.0,Region
87,Brunei Darussalam,,96,B,73200,84748,96296,98441,100587.0,102733.0,41856,47832,53807,55265,56723.0,58181.0,31344,36916,42489,43176,43864.0,44552.0,Country_or_Area
88,Cambodia,,116,B,38375,92230,146085,114031,81977.0,73963.0,19084,45361,71638,57511,43385.0,39854.0,19291,46869,74447,56520,38592.0,34109.0,Country_or_Area
89,Indonesia,,360,B R,465612,378960,292307,289568,305416.0,328846.0,229885,191600,153315,165493,174864.0,189800.0,235727,187360,138992,124075,130552.0,139046.0,Country_or_Area
90,Lao People's Democratic Republic,,418,C R,22866,23526,21948,20371,21185.0,22244.0,11806,12199,11564,10930,11367.0,11936.0,11060,11327,10384,9441,9818.0,10308.0,Country_or_Area
91,Malaysia,(8),458,C R,695920,937368,1277223,1722344,2406011.0,2514243.0,405808,534964,712912,995607,1437206.0,1529630.0,290112,402404,564311,726737,968805.0,984613.0,Country_or_Area
92,Myanmar,,104,C,133545,113663,98011,83025,76414.0,73308.0,72310,61489,52150,44506,41574.0,40177.0,61235,52174,45861,38519,34840.0,33131.0,Country_or_Area
93,Philippines,,608,C R,154071,207345,318095,257468,208599.0,211862.0,81347,107524,161904,133023,107933.0,109783.0,72724,99821,156191,124445,100666.0,102079.0,Country_or_Area
94,Singapore,,702,B,727262,991492,1351691,1710594,2164794.0,2543638.0,345842,456411,601671,758762,956856.0,1122986.0,381420,535081,750020,951832,1207938.0,1420652.0,Country_or_Area
95,Thailand,,764,B R,528693,809720,1257821,2163447,3224131.0,3913258.0,283486,426290,647728,1086166,1624755.0,1967491.0,245207,383430,610093,1077281,1599376.0,1945767.0,Country_or_Area
96,Timor-Leste,,626,B,8954,9743,10602,11286,10983.0,10834.0,4450,4763,5095,5582,6441.0,6383.0,4504,4980,5507,5704,4542.0,4451.0,Country_or_Area
97,Viet Nam,,704,C R,28118,51262,56754,51768,61756.0,72793.0,15230,28187,32825,31106,35971.0,42168.0,12888,23075,23929,20662,25785.0,30625.0,Country_or_Area
98,Southern Asia,,5501,,19436343,15343019,15278020,13722011,14326591.0,14103682.0,10601061,8382298,8414610,7537840,7953646.0,7699380.0,8835282,6960721,6863410,6184171,6372945.0,6404302.0,Region
99,Afghanistan,,4,B,57686,71522,75917,87300,102246.0,382365.0,32558,39105,42848,49274,57709.0,193445.0,25128,32417,33069,38026,44537.0,188920.0,Country_or_Area
100,Bangladesh,,50,B R,881617,934735,987853,1166700,1345546.0,1422805.0,759452,805196,850941,1007698,1164455.0,1233206.0,122165,129539,136912,159002,181091.0,189599.0,Country_or_Area
101,Bhutan,,64,B,23807,27972,32137,40279,48420.0,51106.0,19409,22804,26200,32742,39283.0,41441.0,4398,5168,5937,7537,9137.0,9665.0,Country_or_Area
102,India,,356,B R,7493204,6952238,6411272,5923642,5436012.0,5240960.0,3914396,3608978,3303560,3045693,2787826.0,2684680.0,3578808,3343260,3107712,2877949,2648186.0,2556280.0,Country_or_Area
103,Iran (Islamic Republic of),,364,B R,4291601,2937668,2803805,2568930,2761561.0,2726420.0,2456700,1705972,1662264,1410319,1571723.0,1445236.0,1834901,1231696,1141541,1158611,1189838.0,1281184.0,Country_or_Area
104,Maldives,,462,C R,8689,18510,27092,45045,73604.0,94086.0,4777,9243,14907,27079,47995.0,66140.0,3912,9267,12185,17966,25609.0,27946.0,Country_or_Area
105,Nepal,,524,B R,429974,690225,717900,679457,578657.0,518278.0,125966,217088,241959,235203,189518.0,160851.0,304008,473137,475941,444254,389139.0,357427.0,Country_or_Area
106,Pakistan,,586,B R,6208204,3669308,4181912,3171132,3941586.0,3628956.0,3264380,1951223,2249960,1708514,2074443.0,1854136.0,2943824,1718085,1931952,1462618,1867143.0,1774820.0,Country_or_Area
107,Sri Lanka,,144,B R,41561,40841,40132,39526,38959.0,38706.0,23423,22689,21971,21318,20694.0,20245.0,18138,18152,18161,18208,18265.0,18461.0,Country_or_Area
108,Western Asia,,922,,15239274,16956639,18559009,21658647,30601647.0,38119524.0,8921324,9996494,11062014,13363900,19947701.0,24559207.0,6317950,6960145,7496995,8294747,10653946.0,13560317.0,Region
109,Armenia,,51,B R,658789,693999,657900,469119,221560.0,191199.0,270535,284995,270170,191401,90345.0,77436.0,388254,409004,387730,277718,131215.0,113763.0,Country_or_Area
110,Azerbaijan,(9),31,B R,360600,344070,327540,302220,276901.0,264241.0,157856,149509,141161,135336,129512.0,126600.0,202744,194561,186379,166884,147389.0,137641.0,Country_or_Area
111,Bahrain,,48,C,173212,205979,239361,404018,657856.0,704137.0,122730,144227,165344,288614,475905.0,508966.0,50482,61752,74017,115404,181951.0,195171.0,Country_or_Area
112,Cyprus,(10),196,B,43805,61941,80076,117165,187923.0,196167.0,20463,27604,34745,50421,82284.0,86980.0,23342,34337,45331,66744,105639.0,109187.0,Country_or_Area
113,Georgia,(11),268,B,338300,278450,218600,199805,182202.0,168802.0,148094,121152,94211,86123,78548.0,72861.0,190206,157298,124389,113682,103654.0,95941.0,Country_or_Area
114,Iraq,,368,C R,83638,199460,210525,132915,117389.0,353881.0,55751,114821,120464,80883,72965.0,207133.0,27887,84639,90061,52032,44424.0,146748.0,Country_or_Area
115,Israel,,376,B R,1632704,1792185,1851309,1889503,1950615.0,2011727.0,770777,830330,853712,867805,890352.0,912899.0,861927,961855,997597,1021698,1060263.0,1098828.0,Country_or_Area
116,Jordan,,400,C R,1146349,1537097,1927845,2325414,2722983.0,3112026.0,586473,784725,982977,1183645,1384313.0,1567177.0,559876,752372,944868,1141769,1338670.0,1544849.0,Country_or_Area
117,Kuwait,,414,C R,1074391,921954,1127640,1333327,1871537.0,2866136.0,654878,591452,761512,918580,1309814.0,1888220.0,419513,330502,366128,414747,561723.0,977916.0,Country_or_Area
118,Lebanon,,422,B R,523693,608303,692913,756784,820655.0,1997776.0,267922,310613,353305,390331,427358.0,959973.0,255771,297690,339608,366453,393297.0,1037803.0,Country_or_Area
119,Oman,,512,C,304000,539643,623608,666160,816221.0,1844978.0,242477,417444,488389,527842,658746.0,1495360.0,61523,122199,135219,138318,157475.0,349618.0,Country_or_Area
120,Qatar,,634,C,309753,361673,359697,646026,1456413.0,1687640.0,225932,269972,274242,498428,1206571.0,1416361.0,83821,91701,85455,147598,249842.0,271279.0,Country_or_Area
121,Saudi Arabia,,682,C R,4998445,5122702,5263387,6501819,8429956.0,10185945.0,3324873,3416485,3517768,4469805,5933281.0,6938598.0,1673572,1706217,1745619,2032014,2496675.0,3247347.0,Country_or_Area
122,State of Palestine,(12),275,B,288332,281767,275202,266617,258032.0,255507.0,132101,128328,124555,119621,114688.0,113237.0,156231,153439,150647,146996,143344.0,142270.0,Country_or_Area
123,Syrian Arab Republic,,760,C R,714140,830610,832273,876410,1661922.0,875189.0,364077,423115,426633,449470,848834.0,447528.0,350063,407495,405640,426940,813088.0,427661.0,Country_or_Area
124,Turkey,,792,B R,1163686,1216173,1280963,1319236,1367034.0,2964916.0,577329,593938,616007,618938,625960.0,1514468.0,586357,622235,664956,700298,741074.0,1450448.0,Country_or_Area
125,United Arab Emirates,,784,C R,1306574,1824118,2446675,3281036,7316611.0,8095126.0,932046,1309952,1757144,2388278,5463515.0,6044983.0,374528,514166,689531,892758,1853096.0,2050143.0,Country_or_Area
126,Yemen,,887,C R,118863,136515,143495,171073,285837.0,344131.0,67010,77832,79675,98379,154710.0,180427.0,51853,58683,63820,72694,131127.0,163704.0,Country_or_Area
127,Europe,,908,,49219200,52842663,56271885,64086824,72374755.0,76145954.0,23946673,25635806,27236062,30921625,34675817.0,36272616.0,25272527,27206857,29035823,33165199,37698938.0,39873338.0,Major_Area
128,Eastern Europe,,923,,21995312,21344124,20428480,19747392,19116929.0,19684357.0,10201263,10022332,9700625,9362793,9033489.0,9305588.0,11794049,11321792,10727855,10384599,10083440.0,10378769.0,Region
129,Belarus,,112,B,1248977,1186282,1123586,1106982,1090378.0,1082905.0,572021,543307,514593,506988,499384.0,495961.0,676956,642975,608993,599994,590994.0,586944.0,Country_or_Area
130,Bulgaria,,100,B,21510,32435,43360,61074,76287.0,102113.0,9047,13642,18238,26594,33841.0,47442.0,12463,18793,25122,34480,42446.0,54671.0,Country_or_Area
131,Czech Republic,,203,C,110394,165592,220789,322540,397785.0,405093.0,57405,88316,119227,181719,235936.0,231897.0,52989,77276,101562,140821,161849.0,173196.0,Country_or_Area
132,Hungary,,348,B R,347510,322234,296957,366787,436616.0,449632.0,156185,147202,138219,174216,210212.0,220913.0,191325,175032,158738,192571,226404.0,228719.0,Country_or_Area
133,Poland,,616,B,1127771,964725,825251,722509,642417.0,619403.0,482176,404049,338323,297039,262263.0,257311.0,645595,560676,486928,425470,380154.0,362092.0,Country_or_Area
134,Republic of Moldova,(13),498,B,544162,367231,247828,173957,157668.0,142904.0,239616,161706,109129,76600,60541.0,50545.0,304546,205525,138699,97357,97127.0,92359.0,Country_or_Area
135,Romania,,642,B,135825,135037,126949,145162,155982.0,226943.0,57601,63282,60428,66264,77499.0,119364.0,78224,71755,66521,78898,78483.0,107579.0,Country_or_Area
136,Russian Federation,,643,B,11524948,11928927,11900297,11667588,11194710.0,11643276.0,5655422,5925452,5982851,5806597,5514401.0,5715211.0,5869526,6003475,5917446,5860991,5680309.0,5928065.0,Country_or_Area
137,Slovakia,,703,B,41295,69323,116376,130491,146319.0,177190.0,18187,30531,51253,58716,66938.0,83714.0,23108,38792,65123,71775,79381.0,93476.0,Country_or_Area
138,Ukraine,,804,B,6892920,6172338,5527087,5050302,4818767.0,4834898.0,2953603,2644845,2368364,2168060,2072474.0,2083230.0,3939317,3527493,3158723,2882242,2746293.0,2751668.0,Country_or_Area
139,Northern Europe,,924,,6645605,7194824,7900973,9588814,11858391.0,13331442.0,3176421,3404174,3711179,4564413,5701407.0,6382614.0,3469184,3790650,4189794,5024401,6156984.0,6948828.0,Region
140,Channel Islands,(14),830,B,61660,60519,64301,70941,77581.0,82307.0,29005,28468,30234,33611,36982.0,39338.0,32655,32051,34067,37330,40599.0,42969.0,Country_or_Area
141,Denmark,,208,B,235189,303108,371026,440383,509740.0,572520.0,114411,147194,179977,213097,246217.0,277099.0,120778,155914,191049,227286,263523.0,295421.0,Country_or_Area
142,Estonia,,233,B,381997,315755,249512,233701,217890.0,202348.0,171691,136268,100844,94244,87644.0,81237.0,210306,179487,148668,139457,130246.0,121111.0,Country_or_Area
143,Faeroe Islands,,234,B,4285,2900,3593,4583,5096.0,5517.0,2440,1575,1921,2450,2700.0,2795.0,1845,1325,1672,2133,2396.0,2722.0,Country_or_Area
144,Finland,(15),246,B,63255,99729,136203,192169,248135.0,315881.0,31682,49575,67469,96429,125389.0,160650.0,31573,50154,68734,95740,122746.0,155231.0,Country_or_Area
145,Iceland,,352,B,9584,12738,15892,25492,35091.0,37522.0,4248,5727,7207,12413,17619.0,18156.0,5336,7011,8685,13079,17472.0,19366.0,Country_or_Area
146,Ireland,,372,B,227961,226892,350552,589046,730542.0,746260.0,112093,108084,172959,309910,360440.0,363521.0,115868,118808,177593,279136,370102.0,382739.0,Country_or_Area
147,Isle of Man,,833,B,34769,36886,39002,41475,43447.0,45221.0,16371,17548,18725,20214,21361.0,22393.0,18398,19338,20277,21261,22086.0,22828.0,Country_or_Area
148,Latvia,,428,B,646007,538093,430178,376725,313786.0,263126.0,290800,234216,177632,154745,124675.0,102673.0,355207,303877,252546,221980,189111.0,160453.0,Country_or_Area
149,Lithuania,,440,B,349258,273587,214311,201209,160772.0,136036.0,164585,128641,100546,94189,69606.0,57203.0,184673,144946,113765,107020,91166.0,78833.0,Country_or_Area
150,Norway,(16),578,B,192587,233302,292440,361144,526799.0,741813.0,99562,117222,144826,176444,268505.0,387098.0,93025,116080,147614,184700,258294.0,354715.0,Country_or_Area
151,Sweden,,752,B,788767,936022,1003798,1125790,1384929.0,1639771.0,383085,450945,480211,538490,673083.0,810259.0,405682,485077,523587,587300,711846.0,829512.0,Country_or_Area
152,United Kingdom of Great Britain and Northern Ireland,,826,B,3650286,4155293,4730165,5926156,7604583.0,8543120.0,1756448,1978711,2228628,2818177,3667186.0,4060192.0,1893838,2176582,2501537,3107979,3937397.0,4482928.0,Country_or_Area
153,Southern Europe,,925,,4340454,5985675,7517054,11974334,16154120.0,15747685.0,2062811,2856852,3610908,5832012,7846982.0,7374789.0,2277643,3128823,3906146,6142322,8307138.0,8372896.0,Region
154,Albania,,8,B,66013,71354,76695,64739,52784.0,57616.0,30579,33284,35990,32993,26901.0,29363.0,35434,38070,40705,31746,25883.0,28253.0,Country_or_Area
155,Andorra,,20,C,38904,40525,42146,50298,52053.0,42082.0,20810,21451,22092,26559,27486.0,22221.0,18094,19074,20054,23739,24567.0,19861.0,Country_or_Area
156,Bosnia and Herzegovina,,70,I R,56000,69476,82952,47272,38792.0,34803.0,26538,33115,39691,22473,18504.0,16599.0,29462,36361,43261,24799,20288.0,18204.0,Country_or_Area
157,Croatia,,191,B R,475438,674085,585298,579273,573248.0,576883.0,222531,315733,274823,271645,268466.0,269287.0,252907,358352,310475,307628,304782.0,307596.0,Country_or_Area
158,Gibraltar,,292,B,8709,8381,8054,9211,10369.0,11065.0,4528,4196,3865,4518,5171.0,5591.0,4181,4185,4189,4693,5198.0,5474.0,Country_or_Area
159,Greece,,300,B,618139,857850,1111665,1190707,1269749.0,1242514.0,330038,445004,559794,587677,615560.0,575927.0,288101,412846,551871,603030,654189.0,666587.0,Country_or_Area
160,Holy See,(17),336,I,770,779,787,793,799.0,800.0,376,378,379,378,377.0,374.0,394,401,408,415,422.0,426.0,Country_or_Area
161,Italy,,380,B,1428219,1774954,2121688,3954790,5787893.0,5788875.0,642414,809553,976691,1820290,2663889.0,2608451.0,785805,965401,1144997,2134500,3124004.0,3180424.0,Country_or_Area
162,Malta,,470,B,15077,17740,21521,24560,33084.0,41442.0,7012,8366,10289,11899,16777.0,21969.0,8065,9374,11232,12661,16307.0,19473.0,Country_or_Area
163,Montenegro,,499,B,..,..,..,..,78507.0,82541.0,..,..,..,..,31636.0,33547.0,..,..,..,..,46871.0,48994.0,Country_or_Area
164,Portugal,,620,B,435782,532822,651472,771184,762825.0,837257.0,209922,259337,320319,376774,371536.0,389537.0,225860,273485,331153,394410,391289.0,447720.0,Country_or_Area
165,San Marino,,674,B,3310,3659,4045,4218,4399.0,4717.0,1728,1940,2175,2302,2435.0,2577.0,1582,1719,1870,1916,1964.0,2140.0,Country_or_Area
166,Serbia,(18),688,B,99269,630221,856763,845120,826066.0,807441.0,46712,289545,383893,373473,364654.0,355180.0,52557,340676,472870,471647,461412.0,452261.0,Country_or_Area
167,Slovenia,,705,B,178077,174419,171018,197276,253786.0,235966.0,89514,90255,90464,107131,141285.0,134491.0,88563,84164,80554,90145,112501.0,101475.0,Country_or_Area
168,Spain,(19),724,B,821605,1020067,1657285,4107226,6280065.0,5852953.0,390448,499114,838058,2140680,3238238.0,2855179.0,431157,520953,819227,1966546,3041827.0,2997774.0,Country_or_Area
169,The former Yugoslav Republic of Macedonia,,807,B,95142,109343,125665,127667,129701.0,130730.0,39661,45581,52385,53220,54067.0,54496.0,55481,63762,73280,74447,75634.0,76234.0,Country_or_Area
170,Western Europe,,926,,16237829,18318040,20425378,22776284,25245315.0,27382470.0,8506178,9352448,10213350,11162407,12093939.0,13209625.0,7731651,8965592,10212028,11613877,13151376.0,14172845.0,Region
171,Austria,,40,B,793239,894893,996547,1136270,1275992.0,1492374.0,368287,423302,478318,543618,608918.0,716470.0,424952,471591,518229,592652,667074.0,775904.0,Country_or_Area
172,Belgium,,56,C,891537,885278,853369,870862,1052844.0,1387940.0,480445,468072,443696,445710,534608.0,715142.0,411092,417206,409673,425152,518236.0,672798.0,Country_or_Area
173,France,,250,B,5897267,6087993,6278718,6737600,7196481.0,7784418.0,2999376,3046083,3092789,3300859,3508928.0,3782619.0,2897891,3041910,3185929,3436741,3687553.0,4001799.0,Country_or_Area
174,Germany,,276,B,5936181,7464406,8992631,10299160,11605690.0,12005690.0,3293128,3898397,4503666,5011682,5519698.0,5709939.0,2643053,3566009,4488965,5287478,6085992.0,6295751.0,Country_or_Area
175,Liechtenstein,,438,B,10906,13311,15483,18898,22342.0,23493.0,5956,7068,7980,9434,10867.0,11428.0,4950,6243,7503,9464,11475.0,12065.0,Country_or_Area
176,Luxembourg,,442,B,113795,126106,139750,150618,163142.0,249325.0,56062,62292,69286,74951,81420.0,126180.0,57733,63814,70464,75667,81722.0,123145.0,Country_or_Area
177,Monaco,,492,B,20359,21060,21787,21312,21132.0,21042.0,9471,9955,10458,10322,10325.0,10326.0,10888,11105,11329,10990,10807.0,10716.0,Country_or_Area
178,Netherlands,,528,B,1182263,1346164,1556337,1736127,1832510.0,1979486.0,592343,668236,765302,843444,881264.0,942478.0,589920,677928,791035,892683,951246.0,1037008.0,Country_or_Area
179,Switzerland,,756,B,1392282,1478829,1570756,1805437,2075182.0,2438702.0,701110,769043,841855,922387,937911.0,1195043.0,691172,709786,728901,883050,1137271.0,1243659.0,Country_or_Area
180,Latin America and the Caribbean,,904,,7169728,6694640,6578428,7233098,8238795.0,9233989.0,3597037,3349769,3283675,3594756,4090744.0,4583051.0,3572691,3344871,3294753,3638342,4148051.0,4650938.0,Major_Area
181,Caribbean,,915,,1056555,1154700,1255647,1328740,1345732.0,1367407.0,549666,596692,645104,680714,688738.0,701130.0,506889,558008,610543,648026,656994.0,666277.0,Region
182,Anguilla,,660,B,2570,3317,4063,4684,5103.0,5470.0,1258,1584,1910,2210,2415.0,2593.0,1312,1733,2153,2474,2688.0,2877.0,Country_or_Area
183,Antigua and Barbuda,,28,B,12029,17550,23071,24741,26412.0,28083.0,5775,8046,10316,11052,11788.0,12524.0,6254,9504,12755,13689,14624.0,15559.0,Country_or_Area
184,Aruba,,533,B,14444,22274,30104,32540,34327.0,36114.0,6429,9974,13519,14559,15311.0,16108.0,8015,12300,16585,17981,19016.0,20006.0,Country_or_Area
185,Bahamas,,44,B,26855,31654,36454,45595,54736.0,59306.0,13827,16620,19414,23646,27878.0,29994.0,13028,15034,17040,21949,26858.0,29312.0,Country_or_Area
186,Barbados,,52,B,24024,26224,28424,30624,32825.0,34475.0,10065,11235,12405,13575,14746.0,15488.0,13959,14989,16019,17049,18079.0,18987.0,Country_or_Area
187,"Bonaire, Sint Eustatius and Saba",(20),535,B,38410,42258,46105,49105,11445.0,13002.0,17257,18830,20402,21730,5530.0,6292.0,21153,23428,25703,27375,5915.0,6710.0,Country_or_Area
188,British Virgin Islands,,92,B,8035,10046,12058,13808,15558.0,17308.0,4126,5034,5942,6805,7667.0,8530.0,3909,5012,6116,7003,7891.0,8778.0,Country_or_Area
189,Cayman Islands,,136,C,9387,14320,19253,21655,24057.0,23726.0,4622,7166,9709,11011,12312.0,12143.0,4765,7154,9544,10644,11745.0,11583.0,Country_or_Area
190,Cuba,,192,B,34555,26187,17818,17023,14818.0,13336.0,17278,12559,7840,7540,6611.0,5950.0,17277,13628,9978,9483,8207.0,7386.0,Country_or_Area
191,Curaçao,,531,B,..,..,..,..,34627.0,37611.0,..,..,..,..,14195.0,15467.0,..,..,..,..,20432.0,22144.0,Country_or_Area
192,Dominica,,212,B,2519,3121,3723,4744,5765.0,6720.0,1309,1623,1955,2491,3027.0,3528.0,1210,1498,1768,2253,2738.0,3192.0,Country_or_Area
193,Dominican Republic,,214,B,291151,323381,355611,376001,393720.0,415564.0,181677,198842,216008,228180,238742.0,251890.0,109474,124539,139603,147821,154978.0,163674.0,Country_or_Area
194,Grenada,,308,B,4263,5544,6825,6902,6980.0,7057.0,2106,2746,3386,3424,3463.0,3502.0,2157,2798,3439,3478,3517.0,3555.0,Country_or_Area
195,Guadeloupe,(21),312,B,65944,74566,83188,89065,94942.0,98507.0,32718,36248,39778,41273,42768.0,43858.0,33226,38318,43410,47792,52174.0,54649.0,Country_or_Area
196,Haiti,,332,B,19084,22458,25832,30468,35104.0,39529.0,10606,12635,14664,17413,20162.0,22774.0,8478,9823,11168,13055,14942.0,16755.0,Country_or_Area
197,Jamaica,,388,B,20475,22713,24952,24314,23677.0,23167.0,9981,11242,12503,12263,12024.0,11766.0,10494,11471,12449,12051,11653.0,11401.0,Country_or_Area
198,Martinique,,474,B,38705,46599,54492,57034,59575.0,61731.0,19091,22271,25451,25891,26330.0,26989.0,19614,24328,29041,31143,33245.0,34742.0,Country_or_Area
199,Montserrat,,500,B,2013,1612,1211,1244,1277.0,1351.0,1029,825,622,639,657.0,696.0,984,787,589,605,620.0,655.0,Country_or_Area
200,Puerto Rico,,630,B,321909,338067,355038,352144,304969.0,274972.0,153354,160739,168480,166780,142939.0,128261.0,168555,177328,186558,185364,162030.0,146711.0,Country_or_Area
201,Saint Kitts and Nevis,,659,B,3210,4248,5871,6682,7245.0,7443.0,1642,2196,3068,3501,3806.0,3916.0,1568,2052,2803,3181,3439.0,3527.0,Country_or_Area
202,Saint Lucia,,662,B,5305,7152,9868,11468,12100.0,12771.0,2616,3560,4950,5783,6106.0,6446.0,2689,3592,4918,5685,5994.0,6325.0,Country_or_Area
203,Saint Vincent and the Grenadines,,670,B,3970,4135,4307,4395,4485.0,4577.0,1928,2011,2099,2144,2190.0,2237.0,2042,2124,2208,2251,2295.0,2340.0,Country_or_Area
204,Sint Maarten (Dutch part),,534,B,..,..,..,13100,26200.0,27295.0,..,..,..,6285,12570.0,13077.0,..,..,..,6815,13630.0,14218.0,Country_or_Area
205,Trinidad and Tobago,,780,B,50666,45994,41753,44812,48226.0,49883.0,23528,21303,19288,20647,23152.0,24326.0,27138,24691,22465,24165,25074.0,25557.0,Country_or_Area
206,Turks and Caicos Islands,,796,B,5062,7039,9015,9945,10875.0,11688.0,2620,3643,4665,5146,5627.0,6047.0,2442,3396,4350,4799,5248.0,5641.0,Country_or_Area
207,United States Virgin Islands,,850,B,51970,54241,56611,56647,56684.0,56721.0,24824,25760,26730,26726,26722.0,26728.0,27146,28481,29881,29921,29962.0,29993.0,Country_or_Area
208,Central America,,916,,1829911,1298916,1107577,1385713,1749940.0,2040151.0,903333,643244,554886,692144,874453.0,1020896.0,926578,655672,552691,693569,875487.0,1019255.0,Region
209,Belize,,84,B R ,30404,33446,36488,41424,46360.0,53860.0,16393,17512,18631,21045,23459.0,27092.0,14011,15934,17857,20379,22901.0,26768.0,Country_or_Area
210,Costa Rica,,188,B R,417628,364287,310946,358175,405404.0,421697.0,212173,184485,156798,176335,195873.0,202613.0,205455,179802,154148,181840,209531.0,219084.0,Country_or_Area
211,El Salvador,,222,B R,47360,39537,31713,36019,40324.0,42045.0,22218,18564,14909,17029,19148.0,19996.0,25142,20973,16804,18990,21176.0,22049.0,Country_or_Area
212,Guatemala,,320,B R,264257,156188,48119,57252,66384.0,76352.0,112615,66913,21211,26064,30917.0,36136.0,151642,89275,26908,31188,35467.0,40216.0,Country_or_Area
213,Honduras,,340,B R,270423,149442,28461,27875,27288.0,28070.0,137573,76077,14581,14444,14306.0,14826.0,132850,73365,13880,13431,12982.0,13244.0,Country_or_Area
214,Mexico,,484,B R,695674,458549,538051,712487,969538.0,1193155.0,348353,229589,270896,359642,490691.0,604669.0,347321,228960,267155,352845,478847.0,588486.0,Country_or_Area
215,Nicaragua,,558,B R,41421,26619,30389,34918,37333.0,40262.0,20860,13364,15423,17773,19128.0,20723.0,20561,13255,14966,17145,18205.0,19539.0,Country_or_Area
216,Panama,,591,B,62744,70848,83410,117563,157309.0,184710.0,33148,36740,42437,59812,80931.0,94841.0,29596,34108,40973,57751,76378.0,89869.0,Country_or_Area
217,South America,,931,,4283262,4241024,4215204,4518645,5143123.0,5826431.0,2144038,2109833,2083685,2221898,2527553.0,2861025.0,2139224,2131191,2131519,2296747,2615570.0,2965406.0,Region
218,Argentina,,32,B,1649919,1595069,1540219,1673088,1805957.0,2086302.0,788130,753027,717924,774810,831696.0,960310.0,861789,842042,822295,898278,974261.0,1125992.0,Country_or_Area
219,Bolivia (Plurinational State of),,68,B,73758,83598,92658,107745,122846.0,142989.0,37549,42806,47665,56019,64380.0,74939.0,36209,40792,44993,51726,58466.0,68050.0,Country_or_Area
220,Brazil,,76,B,798517,741557,684596,638582,592568.0,713568.0,426147,396152,366156,343019,319882.0,385201.0,372370,345405,318440,295563,272686.0,328367.0,Country_or_Area
221,Chile,,152,B,107501,142417,177332,273384,369436.0,469436.0,54547,69632,84717,129398,174079.0,221200.0,52954,72785,92615,143986,195357.0,248236.0,Country_or_Area
222,Colombia,,170,B,104277,106943,109609,107612,124271.0,133134.0,53109,54666,56223,55706,65622.0,70912.0,51168,52277,53386,51906,58649.0,62222.0,Country_or_Area
223,Ecuador,,218,B R,78663,115093,151523,187404,325366.0,387513.0,38531,57879,77227,96188,167773.0,200352.0,40132,57214,74296,91216,157593.0,187161.0,Country_or_Area
224,Falkland Islands (Malvinas),,238,B,855,868,1067,1166,1436.0,1571.0,488,510,636,675,807.0,873.0,367,358,431,491,629.0,698.0,Country_or_Area
225,French Guiana,,254,B,63612,70131,76649,86468,96288.0,106108.0,34843,36869,38895,42729,46564.0,50399.0,28769,33262,37754,43739,49724.0,55709.0,Country_or_Area
226,Guyana,,328,B,4095,6352,8610,10868,13126.0,15384.0,2200,3405,4611,5817,7023.0,8229.0,1895,2947,3999,5051,6103.0,7155.0,Country_or_Area
227,Paraguay,,600,B,195884,186570,176608,168243,160299.0,156462.0,102816,97869,92052,87698,83394.0,81303.0,93068,88701,84556,80545,76905.0,75159.0,Country_or_Area
228,Peru,,604,B,65025,56732,66293,77541,84066.0,90881.0,32538,28061,32955,38746,42204.0,45805.0,32487,28671,33338,38795,41862.0,45076.0,Country_or_Area
229,Suriname,,740,C,18031,22270,27506,33664,39713.0,46836.0,9731,12057,14892,18339,21659.0,25569.0,8300,10213,12614,15325,18054.0,21267.0,Country_or_Area
230,Uruguay,,858,B,98116,93428,88871,82318,76263.0,71799.0,45830,43427,41093,37658,34507.0,32475.0,52286,50001,47778,44660,41756.0,39324.0,Country_or_Area
231,Venezuela (Bolivarian Republic of),,862,B,1025009,1019996,1013663,1070562,1331488.0,1404448.0,517579,513473,508639,535096,667963.0,703458.0,507430,506523,505024,535466,663525.0,700990.0,Country_or_Area
232,Northern America,,905,,27610542,33341147,40351848,45363387,51220996.0,54488725.0,13497319,16402001,19983930,22544728,25064323.0,26586377.0,14113223,16939146,20367918,22818659,26156673.0,27902348.0,Region
233,Bermuda,,60,B,15683,16676,17668,18276,18884.0,19126.0,7557,8044,8531,8866,9202.0,9336.0,8126,8632,9137,9410,9682.0,9790.0,Country_or_Area
234,Canada,,124,B,4333318,4864778,5511914,6078985,7011226.0,7835502.0,2109652,2356105,2659135,2915838,3356211.0,3748267.0,2223666,2508673,2852779,3163147,3655015.0,4087235.0,Country_or_Area
235,Greenland,,304,B,9416,7320,6755,6686,6226.0,6009.0,6565,5011,4723,4549,4210.0,3951.0,2851,2309,2032,2137,2016.0,2058.0,Country_or_Area
236,Saint Pierre and Miquelon,,666,B,1099,1320,1458,1147,1017.0,986.0,560,682,756,597,531.0,516.0,539,638,702,550,486.0,470.0,Country_or_Area
237,United States of America,,840,B,23251026,28451053,34814053,39258293,44183643.0,46627102.0,11372985,14032159,17310785,19614878,21694169.0,22824307.0,11878041,14418894,17503268,19643415,22489474.0,23802795.0,Country_or_Area
238,Oceania,,909,,4730858,5022263,5360027,6023421,7125364.0,8100886.0,2415042,2535448,2676143,2988897,3538376.0,3999552.0,2315816,2486815,2683884,3034524,3586988.0,4101334.0,Major_Area
239,Australia and New Zealand,,927,,4473260,4741947,5065063,5717982,6830423.0,7803399.0,2271419,2382510,2519827,2826880,3381077.0,3840367.0,2201841,2359437,2545236,2891102,3449346.0,3963032.0,Region
240,Australia,(22),36,B,3955213,4153330,4386250,4878030,5882980.0,6763663.0,2013196,2093280,2189900,2419190,2922030.0,3337580.0,1942017,2060050,2196350,2458840,2960950.0,3426083.0,Country_or_Area
241,New Zealand,,554,B,518047,588617,678813,839952,947443.0,1039736.0,258223,289230,329927,407690,459047.0,502787.0,259824,299387,348886,432262,488396.0,536949.0,Country_or_Area
242,Melanesia,,928,,90210,96828,94078,103878,105684.0,109595.0,50143,54089,52701,58643,59426.0,61813.0,40067,42739,41377,45235,46258.0,47782.0,Region
243,Fiji,,242,B,13283,13001,12719,12435,13351.0,13751.0,6847,6726,6601,6564,7137.0,7421.0,6436,6275,6118,5871,6214.0,6330.0,Country_or_Area
244,New Caledonia,,540,B,37673,43662,49651,55405,61158.0,64290.0,20885,23908,26932,29909,32886.0,34621.0,16788,19754,22719,25496,28272.0,29669.0,Country_or_Area
245,Papua New Guinea,,598,C R,32720,33526,25101,29967,25424.0,25782.0,18793,19832,15624,18942,16370.0,16738.0,13927,13694,9477,11025,9054.0,9044.0,Country_or_Area
246,Solomon Islands,,90,B,4226,4178,3981,3271,2760.0,2585.0,2349,2328,2224,1830,1546.0,1450.0,1877,1850,1757,1441,1214.0,1135.0,Country_or_Area
247,Vanuatu,,548,B,2308,2461,2626,2800,2991.0,3187.0,1269,1295,1320,1398,1487.0,1583.0,1039,1166,1306,1402,1504.0,1604.0,Country_or_Area
248,Micronesia,,954,,108969,118687,130186,128390,116245.0,115772.0,60858,63046,64928,63769,58535.0,58613.0,48111,55641,65258,64621,57710.0,57159.0,Region
249,Guam,,316,B,69755,71912,74070,74743,75416.0,76089.0,39364,38822,38280,38602,38924.0,39246.0,30391,33090,35790,36141,36492.0,36843.0,Country_or_Area
250,Kiribati,,296,B,2162,2223,2283,2487,2868.0,3153.0,1107,1139,1188,1312,1512.0,1662.0,1055,1084,1095,1175,1356.0,1491.0,Country_or_Area
251,Marshall Islands,,584,B,1158,1480,1891,2417,3089.0,3284.0,721,916,1164,1485,1895.0,2011.0,437,564,727,932,1194.0,1273.0,Country_or_Area
252,Micronesia (Federated States of),,583,B,3685,3342,3116,2905,2805.0,2756.0,2099,2119,1721,1565,1502.0,1473.0,1586,1223,1395,1340,1303.0,1283.0,Country_or_Area
253,Nauru,,520,C,2815,2605,2394,2253,2112.0,3178.0,1506,1395,1283,1208,1133.0,1907.0,1309,1210,1111,1045,979.0,1271.0,Country_or_Area
254,Northern Mariana Islands,,580,B,26593,32376,40122,37542,24168.0,21648.0,14261,15847,17387,15977,10223.0,9100.0,12332,16529,22735,21565,13945.0,12548.0,Country_or_Area
255,Palau,,585,B,2801,4749,6310,6043,5787.0,5664.0,1800,2808,3905,3620,3346.0,3214.0,1001,1941,2405,2423,2441.0,2450.0,Country_or_Area
256,Polynesia,,957,,58419,64801,70700,73171,73012.0,72120.0,32622,35803,38687,39605,39338.0,38759.0,25797,28998,32013,33566,33674.0,33361.0,Region
257,American Samoa,,16,B,21283,23098,24912,24233,23555.0,23216.0,11175,12037,12898,12498,12098.0,11898.0,10108,11061,12014,11735,11457.0,11318.0,Country_or_Area
258,Cook Islands,,184,B,2587,2686,2785,3277,3769.0,4152.0,1443,1497,1552,1724,1895.0,2078.0,1144,1189,1233,1553,1874.0,2074.0,Country_or_Area
259,French Polynesia,,258,B,25830,28360,30329,32286,31640.0,30058.0,15444,16689,17604,18405,18037.0,17136.0,10386,11671,12725,13881,13603.0,12922.0,Country_or_Area
260,Niue,,570,B,461,480,498,522,545.0,557.0,245,257,268,282,295.0,302.0,216,223,230,240,250.0,255.0,Country_or_Area
261,Samoa,,882,B,3357,4694,5998,5746,5122.0,4929.0,1771,2451,3101,2940,2594.0,2469.0,1586,2243,2897,2806,2528.0,2460.0,Country_or_Area
262,Tokelau,,772,B,270,266,262,258,429.0,487.0,150,147,144,133,206.0,233.0,120,119,118,125,223.0,254.0,Country_or_Area
263,Tonga,,776,B,2911,3274,3684,4301,5022.0,5731.0,1488,1718,1981,2328,2727.0,3127.0,1423,1556,1703,1973,2295.0,2604.0,Country_or_Area
264,Tuvalu,,798,C,318,263,217,183,154.0,141.0,180,148,121,101,85.0,78.0,138,115,96,82,69.0,63.0,Country_or_Area
265,Wallis and Futuna Islands,,876,B,1402,1680,2015,2365,2776.0,2849.0,726,859,1018,1194,1401.0,1438.0,676,821,997,1171,1375.0,1411.0,Country_or_Area
