ds,Actual_TOT_PAID,Prediction_TOT_PAID,Prediction_TOT_PAID_lower,Prediction_TOT_PAID_upper,source,Actual_BUDGET_AMT,Forecast_BUDGET_AMT,Actual_NBR_MURDER,Forecast_NBR_MURDER,model_run_datetime
2011-04-30,1489878.86,2160283.222921916,1706797.2420527095,2616455.4284484764,Fitted,3629805.06,2202063.017636281,16.0,11.403130517284959,2025-03-22 17:57:08
2011-05-31,1922713.79,2039558.0737197716,1567043.6996360188,2481159.1678359187,Fitted,1724956.61,2133532.276861382,8.0,11.417865004787446,2025-03-22 17:57:08
2011-06-30,2378873.09,1908730.9876376651,1417362.206073936,2357134.5724929874,Fitted,2623665.5,2116555.4510083064,12.0,11.922715611363136,2025-03-22 17:57:08
2011-07-31,1853901.62,2169263.7448110133,1684952.0145605414,2614984.228283296,Fitted,2626410.66,2009281.602601204,9.0,7.043197851184614,2025-03-22 17:57:08
2011-08-31,2024100.54,1746620.8245957205,1322577.8549265978,2214807.1240219134,Fitted,1995629.23,2038280.3901879322,17.0,8.309321834013945,2025-03-22 17:57:08
2011-09-30,1329445.24,1598590.2780336689,1141989.2412099296,2020536.3825497928,Fitted,3465521.97,2269654.6782597713,20.0,11.4177158182668,2025-03-22 17:57:08
2011-10-31,1865240.64,1756038.386513943,1278684.9106348858,2212027.867059225,Fitted,1792970.42,2119086.8531989777,9.0,10.879667258169976,2025-03-22 17:57:08
2011-11-30,2159360.43,1890262.5298729606,1421079.2042370664,2333211.895891738,Fitted,1924099.546,2317081.8188780886,16.0,10.800640821510086,2025-03-22 17:57:08
2011-12-31,1356333.85,1880864.7606536685,1410597.4598884094,2350760.0300725033,Fitted,1790695.5,1839047.3382621277,6.0,8.411863215629918,2025-03-22 17:57:08
2012-01-31,1692342.47,2064898.607352335,1590267.825637354,2520521.1738167917,Fitted,1337685.21,2362602.8103955192,8.0,10.967967584573296,2025-03-22 17:57:08
2012-02-29,2208069.26,1975088.1252265498,1498847.682226169,2434819.9417197057,Fitted,1815549.91,2264212.494194405,13.0,10.995160175002807,2025-03-22 17:57:08
2012-03-31,1909207.0,2018848.657123058,1585210.0495824413,2505554.071688993,Fitted,2238235.9,2454344.265323682,17.0,12.764310204894283,2025-03-22 17:57:08
2012-04-30,2872070.97,2157289.853054325,1661628.1905937248,2610929.8000632245,Fitted,2064924.92,2287088.8949530832,12.0,11.840474463991121,2025-03-22 17:57:08
2012-05-31,2017235.18,2050611.7901010073,1601790.8984500112,2526087.687085866,Fitted,1387912.58,2151437.573986682,10.0,11.968892830542368,2025-03-22 17:57:08
2012-06-30,2030150.39,1898205.1011730277,1429377.4176461217,2402410.427986879,Fitted,2203039.23,2189194.25707727,9.0,12.334166414618434,2025-03-22 17:57:08
2012-07-31,2156175.11,2148286.297726471,1680643.2685759687,2623152.733152013,Fitted,1510063.18,2050016.8420663876,12.0,7.911866061082984,2025-03-22 17:57:08
2012-08-31,2104838.76,1762251.8405030426,1313450.1808673642,2207665.862130453,Fitted,2852607.3,2076819.3421482465,14.0,8.607956092922496,2025-03-22 17:57:08
2012-09-30,1239605.6,1650862.1090205093,1182595.796257693,2129494.9106499236,Fitted,2982185.85,2282969.590939525,8.0,11.397463124750693,2025-03-22 17:57:08
2012-10-31,1813201.08,1759053.070953173,1327864.8676196989,2210491.2401132137,Fitted,1831774.12,2110605.2214395367,9.0,11.660769185270569,2025-03-22 17:57:08
2012-11-30,1964663.18,1874974.5136574,1390587.7893163948,2349949.6623732345,Fitted,3229496.07,2403820.8118609767,14.0,11.418642169666438,2025-03-22 17:57:08
2012-12-31,1705037.78,1847879.9346649505,1380180.02046713,2299235.259631126,Fitted,3051046.44,1899162.0340365567,12.0,9.344361381406758,2025-03-22 17:57:08
2013-01-31,1654993.05,2097513.22818869,1647324.065203047,2573533.408339008,Fitted,1619809.81,2445445.5462761214,10.0,10.934286642148964,2025-03-22 17:57:08
2013-02-28,2364079.84,1975096.9291399273,1504121.7528079893,2420274.3509194343,Fitted,2386270.9,2322087.36839911,11.0,11.452841398778052,2025-03-22 17:57:08
2013-03-31,900197.95,2024124.8771785162,1581685.9714199656,2504348.219359342,Fitted,2377410.52,2506055.6586665213,10.0,13.23445712371169,2025-03-22 17:57:08
2013-04-30,2671204.95,2166419.831533074,1697231.169454808,2641868.183417168,Fitted,2164948.38,2310352.3858811925,13.0,12.34851320002895,2025-03-22 17:57:08
2013-05-31,1656952.45,2054997.0152467268,1611518.1826954023,2498099.5221061306,Fitted,1925505.81,2196877.211924995,14.0,12.439233649047654,2025-03-22 17:57:08
2013-06-30,1981714.48,1909717.5166704068,1452325.2215139146,2374412.574927579,Fitted,1754634.66,2216411.5509166527,13.0,12.85241640480071,2025-03-22 17:57:08
2013-07-31,2596199.19,2163767.860388612,1644733.8043367318,2568474.266552243,Fitted,1952435.36,2087553.3421257364,12.0,8.273159489378921,2025-03-22 17:57:08
2013-08-31,2160295.18,1765506.07575732,1309845.849885993,2219579.8677580412,Fitted,2236453.92,2115079.1487987293,8.0,9.157596773988997,2025-03-22 17:57:08
2013-09-30,1513882.32,1641414.9268431384,1157923.063592126,2090517.1748130694,Fitted,1369729.94,2329865.4549937085,8.0,12.060905853446815,2025-03-22 17:57:08
2013-10-31,1632396.88,1765792.7411026405,1325736.7616583153,2227646.3230763855,Fitted,3025887.28,2165171.5332239526,25.0,12.058138868817164,2025-03-22 17:57:08
2013-11-30,2294279.0,1888054.5137604324,1450993.4845231674,2333667.103512253,Fitted,1421532.25,2426828.238322916,11.0,11.867262100922614,2025-03-22 17:57:08
2013-12-31,2172848.61,1867239.545512501,1372557.0334543686,2352282.322230078,Fitted,1427626.49,1930301.7554661944,11.0,9.682881022977423,2025-03-22 17:57:08
2014-01-31,1644101.03,2095185.2645126232,1653594.836615711,2497486.898875479,Fitted,3507401.86,2468903.4062073273,10.0,11.596875331162726,2025-03-22 17:57:08
2014-02-28,1641647.36,1975229.7290924168,1534241.3136039134,2439054.128917483,Fitted,1841224.41,2380299.290738606,13.0,11.908634071761924,2025-03-22 17:57:08
2014-03-31,2156105.37,2029589.6861340536,1603831.1197264025,2504270.7078541717,Fitted,3266199.09,2557269.472695065,13.0,13.703858453901196,2025-03-22 17:57:08
2014-04-30,2222263.14,2175563.986482859,1687707.0424303138,2642079.4674530453,Fitted,2358043.45,2333403.4516555946,11.0,12.856361526266348,2025-03-22 17:57:08
2014-05-31,1709731.4,2059457.5301285926,1573475.0040949986,2505522.3527804883,Fitted,2031113.489,2242306.6174255367,15.0,12.909180669719499,2025-03-22 17:57:08
2014-06-30,2056515.37,1921374.6352670258,1445249.9866594952,2407844.092873503,Fitted,2094661.68,2243592.1042660982,9.0,13.368881355259617,2025-03-22 17:57:08
2014-07-31,2167779.74,2178908.8404356604,1701163.585014734,2638613.19742645,Fitted,3607457.13,2125371.4747465863,13.0,8.637185555054407,2025-03-22 17:57:08
2014-08-31,2164246.54,1768437.9580325729,1294133.614042916,2214311.986941708,Fitted,1138014.36,2153632.2542609936,5.0,9.711718820776813,2025-03-22 17:57:08
2014-09-30,1638343.97,1632129.7878915542,1193819.1586524283,2088145.7902986452,Fitted,2057333.71,2376830.484467845,13.0,12.721356638254377,2025-03-22 17:57:08
2014-10-31,1643687.01,1772933.1606191134,1300908.6900839803,2216078.989104599,Fitted,3876312.01,2219402.734417241,9.0,12.451374345233129,2025-03-22 17:57:08
2014-11-30,1801718.81,1901300.363307529,1421727.6768708003,2363238.7018088764,Fitted,1260767.63,2449306.8133129543,5.0,12.314845430729362,2025-03-22 17:57:08
2014-12-31,2229873.87,1886385.2813458005,1447961.2313330814,2353397.5434370935,Fitted,2534111.84,1961655.79273555,13.0,10.025629568863279,2025-03-22 17:57:08
2015-01-31,1652092.58,2092456.5853975434,1650621.732532253,2560635.3298267215,Fitted,1956282.453,2492682.556338992,13.0,12.261789048893721,2025-03-22 17:57:08
2015-02-28,1812800.17,1975497.1976125422,1496205.855988093,2437167.3017530646,Fitted,3181166.224,2438822.5701927077,12.0,12.36252436971364,2025-03-22 17:57:08
2015-03-31,2280071.14,2035244.3980353188,1577429.739189898,2510469.213891407,Fitted,2792862.4,2607968.4729753607,15.0,14.172530765943913,2025-03-22 17:57:08
2015-04-30,2268000.62,2184718.964802542,1744141.420196101,2641565.73887126,Fitted,2036438.798,2356257.1880771364,13.0,13.364016986971293,2025-03-22 17:57:08
2015-05-31,2296895.1,2063993.8146312623,1600380.1366750193,2562621.6255478375,Fitted,3073630.96,2287726.4469754566,13.0,13.378751487798832,2025-03-22 17:57:08
2015-06-30,2560899.1,1933166.7276115275,1410595.3834538155,2388816.3134493777,Fitted,2293476.359,2270749.6208060747,11.0,13.883602107267214,2025-03-22 17:57:08
2015-07-31,2921974.55,2193699.483815862,1711091.8833357682,2630527.8097578236,Fitted,2004424.244,2163475.7720720507,6.0,9.004084360412453,2025-03-22 17:57:08
2015-08-31,2162138.14,1771056.5626315407,1303402.09393351,2240918.944305797,Fitted,2156796.2,2192474.559331839,11.0,10.270208356566231,2025-03-22 17:57:08
2015-09-30,1539331.38,1623026.0151316384,1105589.4284204366,2090823.6561143124,Fitted,2090915.083,2423848.847087343,15.0,13.378602353713877,2025-03-22 17:57:08
2015-10-31,1933027.15,1780464.4658100416,1282937.8782442214,2231851.8368398454,Fitted,1500551.648,2273281.0217342507,3.0,12.840681921949145,2025-03-22 17:57:08
2015-11-30,1972425.92,1914679.2629091712,1459179.4464792958,2371754.785896514,Fitted,3941170.846,2471275.987130335,14.0,12.761779480450066,2025-03-22 17:57:08
2015-12-31,1992113.37,1905271.835888076,1405608.3594632312,2369180.5272497726,Fitted,1453386.65,1993241.5062221105,8.0,10.373130002900641,2025-03-22 17:57:08
2016-01-31,2221328.92,2089296.024784727,1639307.8427764187,2508914.5021952563,Fitted,2096546.766,2516796.978063172,17.0,12.929362500177982,2025-03-22 17:57:08
2016-02-29,1660954.45,1999476.507941057,1537580.08071251,2449082.082144289,Fitted,1648925.19,2418406.6615885952,10.0,12.956674952595355,2025-03-22 17:57:08
2016-03-31,1940317.92,2043226.2987588844,1572162.1825339678,2501399.0819795122,Fitted,2296818.55,2608538.4324086737,10.0,14.725967482647754,2025-03-22 17:57:08
2016-04-30,1900619.06,2181657.1002410688,1718232.5469301248,2663749.6845162264,Fitted,2330669.011,2441283.061749438,9.0,13.802269643329685,2025-03-22 17:57:08
2016-05-31,1813296.63,2074968.2963570803,1632373.024824255,2566208.337377214,Fitted,2193039.19,2305631.7404849897,18.0,13.930830508184028,2025-03-22 17:57:08
2016-06-30,1741400.85,1922551.2129800757,1528899.5475336541,2429241.1730936184,Fitted,1764802.379,2343388.4232868757,12.0,14.296241993845134,2025-03-22 17:57:08
2016-07-31,2389991.23,2172621.6686028335,1731591.095413154,2641571.690082192,Fitted,2944021.215,2204211.007978017,6.0,9.874084138612531,2025-03-22 17:57:08
2016-08-31,1360454.62,1786576.46053721,1333328.0412186733,2234779.722870742,Fitted,2234798.69,2231013.5229886617,5.0,10.570316713808507,2025-03-22 17:57:08
2016-09-30,2130952.88,1675176.3252294296,1200246.9828585933,2148530.3326307167,Fitted,1559861.258,2437163.786271382,8.0,13.359961687379569,2025-03-22 17:57:08
2016-10-31,1560746.86,1783356.5365426855,1319530.7324685366,2246693.3637291407,Fitted,1926779.928,2264799.4317460437,13.0,13.623410287699931,2025-03-22 17:57:08
2016-11-30,1751660.08,1899267.5754217329,1406279.74964283,2328319.001205408,Fitted,3566603.692,2558015.036658953,16.0,13.38142121383842,2025-03-22 17:57:08
2016-12-31,1247216.95,1872162.2458098563,1428386.7798815058,2350532.271695666,Fitted,1766605.264,2053356.2738091806,15.0,11.307282965379482,2025-03-22 17:57:08
2017-01-31,2283660.72,2121784.788714219,1684277.7750888946,2544507.566433149,Fitted,3084823.166,2599639.801023328,14.0,12.897350765922315,2025-03-22 17:57:08
2017-02-28,2065107.68,1999358.779090698,1539099.6632080453,2464503.621229321,Fitted,1569254.32,2476281.6367289233,8.0,13.416034272302511,2025-03-22 17:57:08
2017-03-31,1561699.4,2048375.9761357633,1588769.7166192762,2511663.328772391,Fitted,1270808.493,2660249.942034658,6.0,15.197792541603157,2025-03-22 17:57:08
2017-04-30,1501834.04,2190660.526303009,1697082.1275806336,2659467.908282834,Fitted,2755812.218,2464546.683802391,13.0,14.311986564082524,2025-03-22 17:57:08
2017-05-31,2452080.04,2079226.9590232072,1631904.2354472235,2552540.6348480033,Fitted,2387869.87,2351071.5248843157,21.0,14.402849557467505,2025-03-22 17:57:08
2017-06-30,1977013.09,1933937.0562595632,1476294.7933334846,2408417.8285444537,Fitted,2397063.113,2370605.8784290208,12.0,14.81617025938267,2025-03-22 17:57:08
2017-07-31,2556370.52,2187976.648874034,1740488.5459315423,2628114.3276762846,Fitted,3006947.783,2241747.6845254223,22.0,10.237055891075967,2025-03-22 17:57:08
2017-08-31,1885803.17,1789704.1131388214,1347534.37347419,2260070.0752150905,Fitted,2672625.422,2269273.506085856,9.0,11.12163572280229,2025-03-22 17:57:08
2017-09-30,1953280.92,1665602.5599304703,1202349.201119456,2116466.6988681015,Fitted,1497327.189,2484059.826688179,7.0,14.025082751082977,2025-03-22 17:57:08
2017-10-31,1746813.75,1789969.6230861982,1335573.0541978166,2246272.400662844,Fitted,2256027.323,2319365.919805861,10.0,14.022458313567865,2025-03-22 17:57:08
2017-11-30,1606243.9,1912220.991449944,1474500.6595820559,2372725.6893510767,Fitted,2090420.503,2581022.6393120363,10.0,13.831719494494877,2025-03-22 17:57:08
2017-12-31,1625741.69,1891395.2721505382,1452764.5371111438,2330269.0719641834,Fitted,1267262.348,2084496.1713256694,8.0,11.647480963393278,2025-03-22 17:57:08
2018-01-31,2697441.94,2119330.2402222464,1616962.3089812135,2591571.080570165,Fitted,3167225.47,2623097.8372152112,10.0,13.561617815377502,2025-03-22 17:57:08
2018-02-28,1615646.79,1999364.9942862035,1543675.8719440287,2455426.311143649,Fitted,3607562.054,2534493.735428801,14.0,13.87350530521269,2025-03-22 17:57:08
2018-03-31,2145538.1,2053714.200399496,1568811.016114968,2510115.1021167464,Fitted,2431429.333,2711463.9325335743,13.0,15.668872231149995,2025-03-22 17:57:08
2018-04-30,2153008.87,2199678.096624112,1722911.6080154062,2701805.2796848235,Fitted,3239678.403,2487597.9261539807,20.0,14.821513249124965,2025-03-22 17:57:08
2018-05-31,2101930.5,2083560.8893855691,1631456.3923147356,2533776.988334077,Fitted,2203610.271,2396501.10697355,11.0,14.874474936487877,2025-03-22 17:57:08
2018-06-30,2097268.44,1945467.5904660905,1475837.7380859863,2388341.8431596016,Fitted,1983393.376,2397786.6083493535,19.0,15.334313567532195,2025-03-22 17:57:08
2018-07-31,2592867.81,2202991.0447747223,1760608.8595592077,2651829.555802129,Fitted,1510168.665,2279565.9938492775,8.0,10.60276031101895,2025-03-22 17:57:08
2018-08-31,2015054.33,1792509.4115117572,1303940.7370418923,2247893.6835392225,Fitted,2221267.368,2307826.7883831607,19.0,11.677436120431185,2025-03-22 17:57:08
2018-09-30,1222470.6,1656190.8373128974,1181865.9706156023,2135745.461584734,Fitted,2877683.088,2531025.0331250057,18.0,14.687211883413475,2025-03-22 17:57:08
2018-10-31,2249711.87,1796983.4591803765,1293016.162778737,2253752.299790894,Fitted,2263179.778,2373597.29809402,18.0,14.417372134084047,2025-03-22 17:57:08
2018-11-30,1939409.96,1925340.2577133104,1470744.7974410565,2374809.7512323023,Fitted,1731484.64,2603501.3916361798,5.0,14.280981166147884,2025-03-22 17:57:08
2018-12-31,1482792.84,1910414.4247907475,1466936.1687194903,2399082.9011910404,Fitted,2767227.89,2115850.3861934803,11.0,11.991907849070712,2025-03-22 17:57:08
2019-01-31,2127225.02,2116474.977881707,1659803.7560656306,2589830.118097675,Fitted,3572884.661,2646877.1649314933,21.0,14.228209873889595,2025-03-22 17:57:08
2019-02-28,2160835.26,1999505.8795515317,1512537.967291909,2450561.4206929547,Fitted,3358937.97,2593017.1924554906,10.0,14.329073944839696,2025-03-22 17:57:08
2019-03-31,2860021.31,2059242.3290135872,1602055.0230293798,2520371.487050949,Fitted,4540530.886,2762163.110372595,15.0,16.13922288585783,2025-03-22 17:57:08
2019-04-30,2311900.09,2208706.491320421,1726220.697735848,2679659.0332871983,Fitted,2690755.758,2510451.840079423,14.0,15.330847056900762,2025-03-22 17:57:08
2019-05-31,2282023.7,2087970.5899578538,1631526.1154022606,2577679.3199795065,Fitted,3335218.781,2441921.114079451,18.0,15.345724105438684,2025-03-22 17:57:08
2019-06-30,2411533.35,1957133.0985591314,1464656.5435214462,2408480.586037139,Fitted,2082052.161,2424944.302524894,19.0,15.850712674306878,2025-03-22 17:57:08
2019-07-31,2433979.15,2217655.1035720957,1779372.7612719624,2693463.8252884718,Fitted,2530530.32,2317670.4688924956,8.0,10.971337475164415,2025-03-22 17:57:08
2019-08-31,1665229.4,1795001.431196363,1313416.1289355794,2251479.034225463,Fitted,1925620.28,2346669.271254258,11.0,12.237604019028945,2025-03-22 17:57:08
2019-09-30,1754382.48,1646961.09181071,1202696.4940946775,2098481.358804515,Fitted,1645811.62,2578043.573791365,9.0,15.34613596561414,2025-03-22 17:57:08
2019-10-31,1695773.84,1804399.081328635,1338065.8340709386,2275041.437059451,Fitted,2581391.757,2427475.763723406,22.0,14.808229962976586,2025-03-22 17:57:08
2019-11-30,2524529.51,1938613.4321433855,1468967.155070974,2390590.797803663,Fitted,2037140.015,2625470.743911774,21.0,14.729341485148941,2025-03-22 17:57:08
2019-12-31,2955954.39,1929205.5439617916,1468186.4952366159,2377799.252354666,Fitted,2556454.233,2147436.2782887,8.0,12.34070643672739,2025-03-22 17:57:08
2020-01-31,1996322.15,2113229.271698093,1633484.5338583763,2586896.7462761323,Fitted,2908845.533,2670991.7654149253,16.0,14.896953363130086,2025-03-22 17:57:08
2020-02-29,1289924.83,2023409.323446318,1571425.294075032,2513042.6404931527,Fitted,2303483.028,2572601.463239421,19.0,14.924279313762044,2025-03-22 17:57:08
2020-03-31,2616185.31,2067159.7364698858,1629594.9655494317,2537939.168556734,Fitted,2728605.27,2762733.2493315293,31.0,16.693571900250827,2025-03-22 17:57:08
2020-04-30,2656716.48,2205591.140086653,1746068.223037953,2660666.8408302427,Fitted,2628696.512,2595477.893451923,15.0,15.769874115548205,2025-03-22 17:57:08
2020-05-31,1516910.72,2098902.958408354,1625761.0426320294,2568334.706959814,Fitted,1940096.01,2459826.587459471,17.0,15.898435036840006,2025-03-22 17:57:08
2020-06-30,982266.28,1946486.4771659868,1481825.5785543246,2390552.755570038,Fitted,2529772.455,2497583.285041024,17.0,16.263846577114904,2025-03-22 17:57:08
2020-07-31,1229852.67,2196557.554994511,1705859.9763783126,2678164.5095271184,Fitted,1186189.639,2358405.8850039444,8.0,11.84168877832008,2025-03-22 17:57:08
2020-08-31,985374.84,1810512.978761374,1357309.884350396,2284115.7112835827,Fitted,2786112.2,2385208.4006693563,7.0,12.537921365009094,2025-03-22 17:57:08
2020-09-30,1422751.82,1699113.454904351,1226526.384083583,2112923.5958516705,Fitted,3094625.371,2591358.6645857296,13.0,15.32756634970321,2025-03-22 17:57:08
2020-10-31,1618674.85,1807294.2980501233,1369949.2102674446,2285104.6719302926,Fitted,1612281.29,2418994.310715062,15.0,15.591014961516363,2025-03-22 17:57:08
2020-11-30,1674978.67,1923205.9483799706,1433104.8967096668,2378093.1915259175,Fitted,2372503.355,2712209.9162614266,15.0,15.349025898777786,2025-03-22 17:57:08
2020-12-31,1541133.31,1896101.2506006262,1429057.190686792,2332281.7205103445,Fitted,2991259.893,2207551.1540663084,15.0,13.274887661811503,2025-03-22 17:57:08
2021-01-31,2091456.27,2145724.4240339114,1659089.3336795298,2598954.7884575822,Fitted,2419945.273,2753834.681884969,11.0,14.864955494919819,2025-03-22 17:57:08
2021-02-28,2011336.87,2023298.9842991387,1587418.1362919477,2491518.8380741393,Fitted,2147558.449,2630476.518029346,16.0,15.383639026324229,2025-03-22 17:57:08
2021-03-31,1823234.14,2072316.8122925637,1575173.0814717475,2551295.101718742,Fitted,3074563.702,2814444.8238205155,13.0,17.16539732332956,2025-03-22 17:57:08
2021-04-30,1694205.9,2214601.9730550456,1745930.1244363496,2673955.2776256953,Fitted,2425264.835,2618741.5660581524,20.0,16.27959137261971,2025-03-22 17:57:08
2021-05-31,2077831.93,2103169.0367235113,1667439.0080369767,2595175.132299064,Fitted,2520745.955,2505266.407625588,11.0,16.370454393711015,2025-03-22 17:57:08
2021-06-30,1468225.88,1957879.7444453684,1492846.9889426823,2427049.1379850092,Fitted,2725533.554,2524800.761727797,20.0,16.78377512376025,2025-03-22 17:57:08
2021-07-31,1566813.21,2211919.968080701,1781591.2405208063,2672399.139830124,Fitted,2766974.401,2395942.568446476,12.0,12.20466078177255,2025-03-22 17:57:08
2021-08-31,1434771.42,1813648.063366674,1305928.336381881,2260919.488434021,Fitted,2297292.832,2423468.390629051,13.0,13.089240639814856,2025-03-22 17:57:08
2021-09-30,2094795.68,1689547.1208238695,1232968.4423892843,2136733.710837649,Fitted,3165732.824,2638254.711833479,20.0,15.99268769356355,2025-03-22 17:57:08
2021-10-31,2004625.36,1813914.8150005003,1344916.282815098,2302592.0071508726,Fitted,2340832.344,2473560.8055733484,5.0,15.990063282367753,2025-03-22 17:57:08
2021-11-30,2174466.74,1936166.7940297348,1478675.1097671092,2406059.2858653935,Fitted,3144961.21,2735217.5256817644,19.0,15.799324488763109,2025-03-22 17:57:08
2021-12-31,2442210.88,1915341.7056448464,1422333.4919848146,2396501.973103596,Fitted,1478894.668,2238691.0583054484,7.0,13.61508598496303,2025-03-22 17:57:08
2022-01-31,2330815.38,2143277.304631137,1659123.475561368,2605199.178959951,Fitted,2716352.065,2777292.7248049406,10.0,15.529222864248139,2025-03-22 17:57:08
2022-02-28,2421085.36,2023312.62855339,1560173.066750342,2483576.152847719,Fitted,2439887.732,2688688.623569664,17.0,15.841110378742247,2025-03-22 17:57:08
2022-03-31,2514404.64,2077662.4655813496,1613782.0791765405,2548598.127117763,Fitted,2124246.626,2865658.821284225,20.0,17.636477331980426,2025-03-22 17:57:08
2022-04-30,2446739.48,2223626.9723684005,1758646.0026671062,2701089.6435542936,Fitted,2909220.885,2641792.8154949606,16.0,16.789118376376607,2025-03-22 17:57:08
2022-05-31,2441604.89,2107510.396140122,1686332.4296108221,2593048.3384761424,Fitted,2064729.91,2550695.997028938,10.0,16.842080088809972,2025-03-22 17:57:08
2022-06-30,1925807.55,1969417.7078755463,1503193.871804651,2457540.161545437,Fitted,2442759.869,2551981.499095772,23.0,17.301918744120503,2025-03-22 17:57:08
2022-07-31,2033204.28,2226941.7931944127,1790505.318538837,2677435.6296570073,Fitted,1084939.88,2433760.885310133,4.0,12.570365512677654,2025-03-22 17:57:08
2022-08-31,1928347.96,1816460.790941467,1348553.792999034,2299732.2732777726,Fitted,1887930.45,2462021.6805584575,19.0,13.645041347163389,2025-03-22 17:57:08
2022-09-30,1548099.3,1680142.8273974173,1246374.192417993,2166971.037171236,Fitted,3137573.98,2685219.925991534,26.0,16.654817134411857,2025-03-22 17:57:08
2022-10-31,1858951.59,1820936.0802752096,1346189.9229394435,2285682.186660414,Fitted,2047855.362,2527792.1916748015,19.0,16.38497741015371,2025-03-22 17:57:08
2022-11-30,1700787.46,1949293.489518825,1503087.6622593547,2443481.308897475,Fitted,3235523.19,2757696.2859192383,18.0,16.24858646533131,2025-03-22 17:57:08
2022-12-31,2132207.16,1934368.2876642467,1489379.3437881926,2431845.678107152,Fitted,2131180.01,2270045.281201983,26.0,13.959513172135784,2025-03-22 17:57:08
2023-01-31,2556658.3,2140429.4718229994,1680184.1265175089,2615765.0645328453,Fitted,2607551.54,2801072.0606657113,14.0,16.195815220837954,2025-03-22 17:57:08
2023-02-28,2066868.09,2023460.9434895425,1543866.3638312148,2503132.510849581,Fitted,3052788.58,2747212.0888448763,15.0,16.296679313360826,2025-03-22 17:57:08
2023-03-31,2386457.31,2083198.0240194856,1621652.841599625,2599928.5220167763,Fitted,3042895.71,2916358.007487623,18.0,18.10682827826153,2025-03-22 17:57:08
2023-04-30,2078173.5,2232662.7973419293,1761054.9010081817,2673648.403226375,Fitted,1022852.888,2664646.7379380995,10.0,17.298452468970837,2025-03-22 17:57:08
2023-05-31,2325673.15,2111927.5273621334,1668149.873228799,2563783.2344482485,Fitted,3311208.47,2596116.0127067543,22.0,17.313329537830054,2025-03-22 17:57:08
2023-06-30,1852175.06,1981090.6469791904,1509747.7138886063,2420805.838073884,Fitted,3080543.12,2579139.2018958083,21.0,17.81831812636274,2025-03-22 17:57:08
2023-07-31,1921717.36,2241613.2833749224,1783993.48212894,2701898.412410814,Fitted,2217186.32,2471865.369032108,16.0,12.938942947540651,2025-03-22 17:57:08
2023-08-31,1446480.26,1818960.2423819762,1334683.1166866436,2311406.382965244,Fitted,3877192.63,2500864.1721623265,13.0,14.205209511727137,2025-03-22 17:57:08
2023-09-30,2270045.94,1670919.901518905,1191552.471251567,2118105.017515102,Fitted,3221570.367,2732238.475276342,26.0,17.31374147793905,2025-03-22 17:57:08
2023-10-31,1786991.95,1828357.889510387,1352456.24061086,2306236.040903669,Fitted,3113207.74,2581670.6658044197,22.0,16.775835495579496,2025-03-22 17:57:08
2023-11-30,2000769.8,1962572.2388478909,1476199.9574807421,2428515.704490004,Fitted,2878958.81,2779665.6465695375,19.0,16.69694703737654,2025-03-22 17:57:08
2023-12-31,2054317.8,1953164.3491397048,1508973.8986048552,2438138.7251776606,Fitted,2104117.68,2301631.1815425004,10.0,14.308312009234989,2025-03-22 17:57:08
2024-01-31,2576562.57,2137188.075349338,1669543.8433572717,2598498.569751258,Fitted,2843154.1,2825186.669264956,22.0,16.864558955918326,2025-03-22 17:57:08
2024-02-29,2389917.93,2047368.1256694114,1586386.733382844,2485937.2568502855,Fitted,3079523.66,2726796.367647063,22.0,16.89188492552277,2025-03-22 17:57:08
2024-03-31,1613714.32,2091118.5370769077,1648210.5555901253,2553959.2255368535,Fitted,2926001.911,2916928.1543654334,23.0,18.66117753315365,2025-03-22 17:57:08
2024-04-30,2487742.59,2229549.9391298406,1794706.273798193,2680185.562692253,Fitted,2391873.556,2749672.799091659,22.0,17.73747976891073,2025-03-22 17:57:08
2024-05-31,2581158.45,2122861.7558355853,1640429.7913950114,2559580.181696191,Fitted,3131958.56,2614021.4937255615,17.0,17.866040711343135,2025-03-22 17:57:08
2024-06-30,1704088.77,1970445.2730292215,1457142.0604121264,2407243.6701738867,Fitted,3407866.06,2651778.1919130175,14.0,18.231452272080187,2025-03-22 17:57:08
2024-07-31,2315878.7,2220516.3492417345,1748335.2603756427,2700929.494261612,Fitted,2726852.25,2512600.792502287,10.0,13.809294494426245,2025-03-22 17:57:08
2024-08-31,1710478.78,1834471.7716771527,1347432.5659423654,2300652.8611493083,Fitted,1792933.271,2539403.308184447,9.0,14.505527102149582,2025-03-22 17:57:08
2024-09-30,1577852.82,1723072.2465318763,1257217.516102086,2182577.7189160152,Fitted,2967290.695,2745553.5721169375,10.0,17.295172107196656,2025-03-22 17:57:08
2024-10-31,1708064.91,1831253.0883462266,1323380.409045615,2305215.2029819954,Fitted,2656318.21,2573189.21826316,20.0,17.55862074004371,2025-03-22 17:57:08
2024-11-30,1326014.32,1947164.7373877107,1466278.365939822,2403685.464858531,Fitted,3417666.784,2866404.8238256723,14.0,17.316631697659584,2025-03-22 17:57:08
2024-12-31,1659811.14,1920060.038276889,1487442.1157367877,2410804.225064186,Fitted,2071062.16,2361746.0616475367,16.0,15.242493481727502,2025-03-22 17:57:08
2025-01-31,2131294.37,2169683.2116823955,1732582.7251784354,2652779.895972021,Fitted,3073348.775,2908029.5895331516,19.0,16.832561314796475,2025-03-22 17:57:08
2025-02-28,2398968.34,2047257.7719224747,1579258.684991635,2541884.315715653,Fitted,3173980.76,2784671.425737976,18.0,17.35124484616613,2025-03-22 17:57:08
2025-03-31,,2096275.5998881396,1657034.160623976,2536838.3619611617,Forecast,,2968639.731595968,,19.13300314313269,2025-03-22 17:57:08
2025-04-30,,2238560.7606236767,1827080.2873832164,2687297.455931988,Forecast,,2772936.473898308,,18.24719719238552,2025-03-22 17:57:08
2025-05-31,,2127127.824264374,1652694.7589842938,2562369.2885235352,Forecast,,2659461.3155327835,,18.33806021343671,2025-03-22 17:57:08
2025-06-30,,1981838.5320689294,1502919.2006855335,2422959.6791440216,Forecast,,2678995.6696123295,,18.751380942125525,2025-03-22 17:57:08
2025-07-31,,2235878.755789991,1719671.9690038501,2707508.1708904966,Forecast,,2550137.4763073367,,14.172266598729921,2025-03-22 17:57:08
2025-08-31,,1837606.8511614455,1401911.676465578,2306002.057342307,Forecast,,2577663.2984664952,,15.056846455366335,2025-03-22 17:57:08
2025-09-30,,1713505.908701505,1238764.9796344016,2165395.6624885923,Forecast,,2792449.6196481697,,17.960293507753228,2025-03-22 17:57:08
2025-10-31,,1837873.6029638294,1388914.3471965177,2301707.6745035397,Forecast,,2627755.7133644596,,17.9576690951491,2025-03-22 17:57:08
2025-11-30,,1960125.5820759106,1472692.0316369603,2400589.614994058,Forecast,,2889412.4334500385,,17.766930300183226,2025-03-22 17:57:08
2025-12-31,,1939300.4938308306,1469549.6027100184,2447222.3787894137,Forecast,,2392885.9660794097,,15.582691794263322,2025-03-22 17:57:08
2026-01-31,,2167236.092956906,1686031.6667262104,2632171.6880420996,Forecast,,2931487.632584764,,17.496828671428403,2025-03-22 17:57:08
2026-02-28,,2047271.417005289,1557622.652646363,2516443.49009082,Forecast,,2842883.531354406,,17.808716184010674,2025-03-22 17:57:08
2026-03-31,,2101621.2541728485,1646519.5813805514,2579415.490235139,Forecast,,3019853.729075074,,19.604083135130004,2025-03-22 17:57:08
2026-04-30,,2247585.7610951588,1756611.721304253,2696855.081234371,Forecast,,2795987.7232912807,,18.756724177475185,2025-03-22 17:57:08
2026-05-31,,2131469.18486695,1643050.856869866,2611671.8128572716,Forecast,,2704890.9048252357,,18.809685889907634,2025-03-22 17:57:08
2026-06-30,,1993376.4966022829,1517960.7450053166,2432342.2678498696,Forecast,,2706176.406892319,,19.26952454521821,2025-03-22 17:57:08
2026-07-31,,2250900.581921196,1815150.6208990358,2693041.856997894,Forecast,,2587955.793106435,,14.537971313776138,2025-03-22 17:57:08
2026-08-31,,1840419.5796682546,1349506.5950216884,2296028.0533078625,Forecast,,2616216.588354642,,15.612647148262518,2025-03-22 17:57:08
2026-09-30,,,,,,,2839414.8337878664,,18.622422935510038,2025-03-22 17:57:08
2026-10-31,,,,,,,2681987.099471043,,18.35258321125203,2025-03-22 17:57:08
2026-11-30,,,,,,,2911891.1937153884,,18.216192266428656,2025-03-22 17:57:08
